[
  {
    "model": "library.category",
    "pk": 1,
    "fields": {
      "name": "Fiction",
      "description": "Literary fiction, novels, and fictional narratives",
      "created_at": "2024-01-15T10:00:00Z"
    }
  },
  {
    "model": "library.category",
    "pk": 2,
    "fields": {
      "name": "Science Fiction",
      "description": "Futuristic and speculative fiction based on scientific concepts",
      "created_at": "2024-01-15T10:05:00Z"
    }
  },
  {
    "model": "library.category",
    "pk": 3,
    "fields": {
      "name": "Mystery & Thriller",
      "description": "Crime fiction, detective stories, and suspenseful narratives",
      "created_at": "2024-01-15T10:10:00Z"
    }
  },
  {
    "model": "library.category",
    "pk": 4,
    "fields": {
      "name": "Biography",
      "description": "Life stories and memoirs of notable individuals",
      "created_at": "2024-01-15T10:15:00Z"
    }
  },
  {
    "model": "library.category",
    "pk": 5,
    "fields": {
      "name": "Technology",
      "description": "Books about technology, programming, and computer science",
      "created_at": "2024-01-15T10:20:00Z"
    }
  },
  {
    "model": "library.category",
    "pk": 6,
    "fields": {
      "name": "History",
      "description": "Historical events, civilizations, and cultural heritage",
      "created_at": "2024-01-15T10:25:00Z"
    }
  },
  {
    "model": "library.category",
    "pk": 7,
    "fields": {
      "name": "Self-Help",
      "description": "Personal development and motivational books",
      "created_at": "2024-01-15T10:30:00Z"
    }
  },
  {
    "model": "library.category",
    "pk": 8,
    "fields": {
      "name": "Fantasy",
      "description": "Magical worlds, mythical creatures, and epic adventures",
      "created_at": "2024-01-15T10:35:00Z"
    }
  },
  {
    "model": "library.author",
    "pk": "a1b2c3d4-e5f6-4a7b-8c9d-0e1f2a3b4c5d",
    "fields": {
      "name": "George Orwell",
      "bio": "English novelist, essayist, journalist, and critic. Best known for the dystopian novel 1984 and the allegorical novella Animal Farm.",
      "created_at": "2024-01-15T11:00:00Z"
    }
  },
  {
    "model": "library.author",
    "pk": "b2c3d4e5-f6a7-4b8c-9d0e-1f2a3b4c5d6e",
    "fields": {
      "name": "Harper Lee",
      "bio": "American novelist best known for To Kill a Mockingbird, published in 1960. Winner of the Pulitzer Prize for Fiction.",
      "created_at": "2024-01-15T11:05:00Z"
    }
  },
  {
    "model": "library.author",
    "pk": "c3d4e5f6-a7b8-4c9d-0e1f-2a3b4c5d6e7f",
    "fields": {
      "name": "F. Scott Fitzgerald",
      "bio": "American novelist and short story writer, widely regarded as one of the greatest American writers of the 20th century.",
      "created_at": "2024-01-15T11:10:00Z"
    }
  },
  {
    "model": "library.author",
    "pk": "d4e5f6a7-b8c9-4d0e-1f2a-3b4c5d6e7f8a",
    "fields": {
      "name": "J.K. Rowling",
      "bio": "British author, best known for writing the Harry Potter fantasy series.",
      "created_at": "2024-01-15T11:15:00Z"
    }
  },
  {
    "model": "library.author",
    "pk": "e5f6a7b8-c9d0-4e1f-2a3b-4c5d6e7f8a9b",
    "fields": {
      "name": "Agatha Christie",
      "bio": "English writer known for her 66 detective novels and 14 short story collections, particularly those revolving around fictional detectives Hercule Poirot and Miss Marple.",
      "created_at": "2024-01-15T11:20:00Z"
    }
  },
  {
    "model": "library.author",
    "pk": "f6a7b8c9-d0e1-4f2a-3b4c-5d6e7f8a9b0c",
    "fields": {
      "name": "Isaac Asimov",
      "bio": "American writer and professor of biochemistry, prolific author of science fiction and popular science books.",
      "created_at": "2024-01-15T11:25:00Z"
    }
  },
  {
    "model": "library.author",
    "pk": "a7b8c9d0-e1f2-4a3b-4c5d-6e7f8a9b0c1d",
    "fields": {
      "name": "Stephen King",
      "bio": "American author of horror, supernatural fiction, suspense, crime, science-fiction, and fantasy novels.",
      "created_at": "2024-01-15T11:30:00Z"
    }
  },
  {
    "model": "library.author",
    "pk": "b8c9d0e1-f2a3-4b4c-5d6e-7f8a9b0c1d2e",
    "fields": {
      "name": "Malcolm Gladwell",
      "bio": "Canadian journalist, author, and public speaker. Known for his unique perspective on popular psychology and sociology.",
      "created_at": "2024-01-15T11:35:00Z"
    }
  },
  {
    "model": "library.author",
    "pk": "c9d0e1f2-a3b4-4c5d-6e7f-8a9b0c1d2e3f",
    "fields": {
      "name": "Yuval Noah Harari",
      "bio": "Israeli public intellectual, historian and professor. Author of the popular science bestsellers Sapiens, Homo Deus, and 21 Lessons for the 21st Century.",
      "created_at": "2024-01-15T11:40:00Z"
    }
  },
  {
    "model": "library.author",
    "pk": "d0e1f2a3-b4c5-4d6e-7f8a-9b0c1d2e3f4a",
    "fields": {
      "name": "Robert C. Martin",
      "bio": "American software engineer and instructor, best known for being one of the authors of the Agile Manifesto and for developing several software design principles.",
      "created_at": "2024-01-15T11:45:00Z"
    }
  },
  {
    "model": "library.book",
    "pk": "11111111-1111-4111-a111-111111111111",
    "fields": {
      "title": "1984",
      "isbn": "9780451524935",
      "category": 1,
      "total_copies": 5,
      "available_copies": 3,
      "created_at": "2024-01-20T09:00:00Z",
      "updated_at": "2024-01-20T09:00:00Z"
    }
  },
  {
    "model": "library.book",
    "pk": "22222222-2222-4222-a222-222222222222",
    "fields": {
      "title": "To Kill a Mockingbird",
      "isbn": "9780061120084",
      "category": 1,
      "total_copies": 4,
      "available_copies": 2,
      "created_at": "2024-01-20T09:15:00Z",
      "updated_at": "2024-01-20T09:15:00Z"
    }
  },
  {
    "model": "library.book",
    "pk": "33333333-3333-4333-a333-333333333333",
    "fields": {
      "title": "The Great Gatsby",
      "isbn": "9780743273565",
      "category": 1,
      "total_copies": 6,
      "available_copies": 4,
      "created_at": "2024-01-20T09:30:00Z",
      "updated_at": "2024-01-20T09:30:00Z"
    }
  },
  {
    "model": "library.book",
    "pk": "44444444-4444-4444-a444-444444444444",
    "fields": {
      "title": "Harry Potter and the Philosopher's Stone",
      "isbn": "9780439708180",
      "category": 8,
      "total_copies": 8,
      "available_copies": 5,
      "created_at": "2024-01-20T09:45:00Z",
      "updated_at": "2024-01-20T09:45:00Z"
    }
  },
  {
    "model": "library.book",
    "pk": "55555555-5555-4555-a555-555555555555",
    "fields": {
      "title": "Murder on the Orient Express",
      "isbn": "9780062693662",
      "category": 3,
      "total_copies": 5,
      "available_copies": 3,
      "created_at": "2024-01-20T10:00:00Z",
      "updated_at": "2024-01-20T10:00:00Z"
    }
  },
  {
    "model": "library.book",
    "pk": "66666666-6666-4666-a666-666666666666",
    "fields": {
      "title": "Foundation",
      "isbn": "9780553293357",
      "category": 2,
      "total_copies": 4,
      "available_copies": 4,
      "created_at": "2024-01-20T10:15:00Z",
      "updated_at": "2024-01-20T10:15:00Z"
    }
  },
  {
    "model": "library.book",
    "pk": "77777777-7777-4777-a777-777777777777",
    "fields": {
      "title": "The Shining",
      "isbn": "9780307743657",
      "category": 3,
      "total_copies": 5,
      "available_copies": 2,
      "created_at": "2024-01-20T10:30:00Z",
      "updated_at": "2024-01-20T10:30:00Z"
    }
  },
  {
    "model": "library.book",
    "pk": "88888888-8888-4888-a888-888888888888",
    "fields": {
      "title": "Outliers: The Story of Success",
      "isbn": "9780316017930",
      "category": 7,
      "total_copies": 6,
      "available_copies": 4,
      "created_at": "2024-01-20T10:45:00Z",
      "updated_at": "2024-01-20T10:45:00Z"
    }
  },
  {
    "model": "library.book",
    "pk": "99999999-9999-4999-a999-999999999999",
    "fields": {
      "title": "Sapiens: A Brief History of Humankind",
      "isbn": "9780062316097",
      "category": 6,
      "total_copies": 7,
      "available_copies": 5,
      "created_at": "2024-01-20T11:00:00Z",
      "updated_at": "2024-01-20T11:00:00Z"
    }
  },
  {
    "model": "library.book",
    "pk": "aaaaaaaa-aaaa-4aaa-aaaa-aaaaaaaaaaaa",
    "fields": {
      "title": "Clean Code: A Handbook of Agile Software Craftsmanship",
      "isbn": "9780132350884",
      "category": 5,
      "total_copies": 5,
      "available_copies": 3,
      "created_at": "2024-01-20T11:15:00Z",
      "updated_at": "2024-01-20T11:15:00Z"
    }
  },
  {
    "model": "library.book",
    "pk": "bbbbbbbb-bbbb-4bbb-bbbb-bbbbbbbbbbbb",
    "fields": {
      "title": "Animal Farm",
      "isbn": "9780451526342",
      "category": 1,
      "total_copies": 4,
      "available_copies": 4,
      "created_at": "2024-01-20T11:30:00Z",
      "updated_at": "2024-01-20T11:30:00Z"
    }
  },
  {
    "model": "library.book",
    "pk": "cccccccc-cccc-4ccc-cccc-cccccccccccc",
    "fields": {
      "title": "I, Robot",
      "isbn": "9780553382563",
      "category": 2,
      "total_copies": 5,
      "available_copies": 5,
      "created_at": "2024-01-20T11:45:00Z",
      "updated_at": "2024-01-20T11:45:00Z"
    }
  },
  {
    "model": "library.book",
    "pk": "dddddddd-dddd-4ddd-dddd-dddddddddddd",
    "fields": {
      "title": "And Then There Were None",
      "isbn": "9780062073488",
      "category": 3,
      "total_copies": 6,
      "available_copies": 3,
      "created_at": "2024-01-20T12:00:00Z",
      "updated_at": "2024-01-20T12:00:00Z"
    }
  },
  {
    "model": "library.book",
    "pk": "eeeeeeee-eeee-4eee-eeee-eeeeeeeeeeee",
    "fields": {
      "title": "Harry Potter and the Chamber of Secrets",
      "isbn": "9780439064873",
      "category": 8,
      "total_copies": 7,
      "available_copies": 6,
      "created_at": "2024-01-20T12:15:00Z",
      "updated_at": "2024-01-20T12:15:00Z"
    }
  },
  {
    "model": "library.book",
    "pk": "ffffffff-ffff-4fff-ffff-ffffffffffff",
    "fields": {
      "title": "The Tipping Point",
      "isbn": "9780316346627",
      "category": 7,
      "total_copies": 5,
      "available_copies": 5,
      "created_at": "2024-01-20T12:30:00Z",
      "updated_at": "2024-01-20T12:30:00Z"
    }
  },
  {
    "model": "library.book_author",
    "fields": {
      "book": "11111111-1111-4111-a111-111111111111",
      "author": "a1b2c3d4-e5f6-4a7b-8c9d-0e1f2a3b4c5d"
    }
  },
  {
    "model": "library.book_author",
    "fields": {
      "book": "22222222-2222-4222-a222-222222222222",
      "author": "b2c3d4e5-f6a7-4b8c-9d0e-1f2a3b4c5d6e"
    }
  },
  {
    "model": "library.book_author",
    "fields": {
      "book": "33333333-3333-4333-a333-333333333333",
      "author": "c3d4e5f6-a7b8-4c9d-0e1f-2a3b4c5d6e7f"
    }
  },
  {
    "model": "library.book_author",
    "fields": {
      "book": "44444444-4444-4444-a444-444444444444",
      "author": "d4e5f6a7-b8c9-4d0e-1f2a-3b4c5d6e7f8a"
    }
  },
  {
    "model": "library.book_author",
    "fields": {
      "book": "55555555-5555-4555-a555-555555555555",
      "author": "e5f6a7b8-c9d0-4e1f-2a3b-4c5d6e7f8a9b"
    }
  },
  {
    "model": "library.book_author",
    "fields": {
      "book": "66666666-6666-4666-a666-666666666666",
      "author": "f6a7b8c9-d0e1-4f2a-3b4c-5d6e7f8a9b0c"
    }
  },
  {
    "model": "library.book_author",
    "fields": {
      "book": "77777777-7777-4777-a777-777777777777",
      "author": "a7b8c9d0-e1f2-4a3b-4c5d-6e7f8a9b0c1d"
    }
  },
  {
    "model": "library.book_author",
    "fields": {
      "book": "88888888-8888-4888-a888-888888888888",
      "author": "b8c9d0e1-f2a3-4b4c-5d6e-7f8a9b0c1d2e"
    }
  },
  {
    "model": "library.book_author",
    "fields": {
      "book": "99999999-9999-4999-a999-999999999999",
      "author": "c9d0e1f2-a3b4-4c5d-6e7f-8a9b0c1d2e3f"
    }
  },
  {
    "model": "library.book_author",
    "fields": {
      "book": "aaaaaaaa-aaaa-4aaa-aaaa-aaaaaaaaaaaa",
      "author": "d0e1f2a3-b4c5-4d6e-7f8a-9b0c1d2e3f4a"
    }
  },
  {
    "model": "library.book_author",
    "fields": {
      "book": "bbbbbbbb-bbbb-4bbb-bbbb-bbbbbbbbbbbb",
      "author": "a1b2c3d4-e5f6-4a7b-8c9d-0e1f2a3b4c5d"
    }
  },
  {
    "model": "library.book_author",
    "fields": {
      "book": "cccccccc-cccc-4ccc-cccc-cccccccccccc",
      "author": "f6a7b8c9-d0e1-4f2a-3b4c-5d6e7f8a9b0c"
    }
  },
  {
    "model": "library.book_author",
    "fields": {
      "book": "dddddddd-dddd-4ddd-dddd-dddddddddddd",
      "author": "e5f6a7b8-c9d0-4e1f-2a3b-4c5d6e7f8a9b"
    }
  },
  {
    "model": "library.book_author",
    "fields": {
      "book": "eeeeeeee-eeee-4eee-eeee-eeeeeeeeeeee",
      "author": "d4e5f6a7-b8c9-4d0e-1f2a-3b4c5d6e7f8a"
    }
  },
  {
    "model": "library.book_author",
    "fields": {
      "book": "ffffffff-ffff-4fff-ffff-ffffffffffff",
      "author": "b8c9d0e1-f2a3-4b4c-5d6e-7f8a9b0c1d2e"
    }
  }
]
